text,label
Sports commentators covered the game live.,sports
The championship game was broadcast nationwide.,sports
The new chip increases processing power.,technology
The database query returned thousands of results.,technology
He upgraded the RAM to improve speed.,technology
Cybersecurity is crucial for protecting data.,technology
They competed in the regional athletics meet.,sports
The new player impressed during the trials.,sports
The IoT system connects home appliances.,technology
The engineer repaired the circuit board.,technology
The team held a press conference after the loss.,sports
The crowd erupted after the winning goal.,sports
Natural Language Processing enables chatbots.,technology
Automation tools increase productivity.,technology
Big data is revolutionizing marketing strategies.,technology
He injured his ankle during the match.,sports
The team wore their new jerseys today.,sports
He built a computer from scratch.,technology
She used GitHub to collaborate on the project.,technology
Football fans are known for their passion.,sports
The captain gave a motivational speech.,sports
He designed a game using Unity engine.,technology
The referee used VAR to make a decision.,sports
The software update improved performance.,technology
Basketball is a fast-paced game.,sports
The match was canceled due to weather conditions.,sports
Edge computing reduces latency in IoT devices.,technology
The referee made a controversial decision.,sports
The gymnast performed a flawless routine.,sports
Tech giants are investing in green energy.,technology
Data scientists use algorithms to find patterns.,technology
The system crashed due to a memory leak.,technology
The computer vision model detected objects.,technology
The championship trophy was awarded last night.,sports
The drone was controlled by a mobile device.,technology
The javelin thrower set a new personal record.,sports
Baseball season starts in spring.,sports
He read a blog about LLMs.,technology
Virtual Reality offers immersive experiences.,technology
He scored a century in the cricket game.,sports
Fans gathered to watch the live telecast.,sports
Data breaches pose serious security threats.,technology
He signed a contract with a new club.,sports
Digital assistants are getting smarter.,technology
Rain delayed the start of the cricket match.,sports
Artificial Intelligence is transforming industries.,technology
She practices yoga to stay fit.,sports
He is learning Python for data science.,technology
Coaches analyze playersâ€™ performance closely.,sports
A new stadium is being built downtown.,sports
The coach trained the team for the final match.,sports
He wrote a script to automate the process.,technology
The robot navigated through the maze autonomously.,technology
The striker scored a hat-trick.,sports
The swimmer improved her lap time significantly.,sports
The game ended in a nail-biting finish.,sports
The athlete won a gold medal in the Olympics.,sports
He built a website using JavaScript and React.,technology
She presented a paper on neural networks.,technology
Golf requires patience and precision.,sports
The seminar discussed emerging technologies.,technology
The player is recovering from an injury.,sports
Tennis players require quick reflexes.,sports
Self-driving cars rely on real-time sensors.,technology
Machine learning models require a lot of data.,technology
Fans bought all tickets within hours.,sports
He trained daily for the boxing championship.,sports
The team celebrated their tournament victory.,sports
The stadium was filled with cheering fans.,sports
AI-based systems can detect fake news.,technology
Blockchain technology enables secure transactions.,technology
Cloud services charge based on usage.,technology
Practice makes athletes perfect.,sports
She broke the world record in swimming.,sports
A new AI model can generate human-like text.,technology
Wearable devices track health in real-time.,technology
She debugged the code using a console.,technology
The game went into overtime.,sports
Quantum computing is the future of tech.,technology
The team thanked their supporters online.,sports
The programming language is open-source.,technology
AI can be biased if not trained properly.,technology
Cyberattacks are becoming more sophisticated.,technology
Smartphones are becoming more powerful.,technology
The smart assistant answered all his questions.,technology
The tournament attracted international teams.,sports
Tech startups are disrupting traditional markets.,technology
The tech company launched a new smartwatch.,technology
She trains at the national sports academy.,sports
The boxer landed a powerful punch.,sports
The startup developed a new mobile app.,technology
The new phone supports facial recognition.,technology
The match was played under floodlights.,sports
Volleyball requires good coordination and agility.,sports
Tech conferences are held virtually now.,technology
Cloud computing allows remote access to data.,technology
The skier raced down the snowy slope.,sports
The marathon took place on Sunday.,sports
The football match ended in a draw.,sports
He received a red card for a foul.,sports
